{
    "input_folder": {
        "foreground_mean": {
            "Dice": 0.5539370160648662,
            "FN": 1469.9753086419753,
            "FP": 1343.216049382716,
            "IoU": 0.4311721588776756,
            "TN": 7213842.395061729,
            "TP": 4376.413580246914,
            "n_pred": 5719.62962962963,
            "n_ref": 5846.388888888889
        },
        "mean": {
            "1": {
                "Dice": 0.7027679293577362,
                "FN": 2823.925925925926,
                "FP": 2655.4444444444443,
                "IoU": 0.5549571142093371,
                "TN": 7206882.777777778,
                "TP": 8669.851851851852,
                "n_pred": 11325.296296296296,
                "n_ref": 11493.777777777777
            },
            "2": {
                "Dice": 0.40510610277199627,
                "FN": 116.0246913580247,
                "FP": 30.987654320987655,
                "IoU": 0.3073872035460141,
                "TN": 7220802.012345679,
                "TP": 82.9753086419753,
                "n_pred": 113.96296296296296,
                "n_ref": 199.0
            }
        }
    },
    "postprocessed": {
        "foreground_mean": {
            "Dice": 0.5539370160648662,
            "FN": 1469.9753086419753,
            "FP": 1343.216049382716,
            "IoU": 0.4311721588776756,
            "TN": 7213842.395061729,
            "TP": 4376.413580246914,
            "n_pred": 5719.62962962963,
            "n_ref": 5846.388888888889
        },
        "mean": {
            "1": {
                "Dice": 0.7027679293577362,
                "FN": 2823.925925925926,
                "FP": 2655.4444444444443,
                "IoU": 0.5549571142093371,
                "TN": 7206882.777777778,
                "TP": 8669.851851851852,
                "n_pred": 11325.296296296296,
                "n_ref": 11493.777777777777
            },
            "2": {
                "Dice": 0.40510610277199627,
                "FN": 116.0246913580247,
                "FP": 30.987654320987655,
                "IoU": 0.3073872035460141,
                "TN": 7220802.012345679,
                "TP": 82.9753086419753,
                "n_pred": 113.96296296296296,
                "n_ref": 199.0
            }
        }
    },
    "postprocessing_fns": [],
    "postprocessing_kwargs": []
}