{
    "foreground_intensity_properties_per_channel": {
        "0": {
            "max": 166.00692749023438,
            "mean": 94.09912109375,
            "median": 98.41934967041016,
            "min": 1.0409830808639526,
            "percentile_00_5": 53.36834716796875,
            "percentile_99_5": 105.72785186767578,
            "std": 9.842272758483887
        },
        "1": {
            "max": 115.15191650390625,
            "mean": 91.8746109008789,
            "median": 96.75247955322266,
            "min": 1.000115990638733,
            "percentile_00_5": 21.46247673034668,
            "percentile_99_5": 105.57342529296875,
            "std": 12.560131072998047
        }
    },
    "median_relative_size_after_cropping": 1.0,
    "shapes_after_crop": [
        [
            182,
            218,
            182
        ],
        [
            182,
            218,
            182
        ],
        [
            182,
            218,
            182
        ],
        [
            182,
            218,
            182
        ],
        [
            182,
            218,
            182
        ],
        [
            182,
            218,
            182
        ],
        [
            182,
            218,
            182
        ],
        [
            182,
            218,
            182
        ],
        [
            182,
            218,
            182
        ],
        [
            182,
            218,
            182
        ],
        [
            182,
            218,
            182
        ],
        [
            182,
            218,
            182
        ],
        [
            182,
            218,
            182
        ],
        [
            182,
            218,
            182
        ],
        [
            182,
            218,
            182
        ],
        [
            182,
            218,
            182
        ],
        [
            182,
            218,
            182
        ],
        [
            182,
            218,
            182
        ],
        [
            182,
            218,
            182
        ],
        [
            182,
            218,
            182
        ],
        [
            182,
            218,
            182
        ],
        [
            182,
            218,
            182
        ],
        [
            182,
            218,
            182
        ],
        [
            182,
            218,
            182
        ],
        [
            182,
            218,
            182
        ],
        [
            182,
            218,
            182
        ],
        [
            182,
            218,
            182
        ],
        [
            182,
            218,
            182
        ],
        [
            182,
            218,
            182
        ],
        [
            182,
            218,
            182
        ],
        [
            182,
            218,
            182
        ],
        [
            182,
            218,
            182
        ],
        [
            182,
            218,
            182
        ],
        [
            182,
            218,
            182
        ],
        [
            182,
            218,
            182
        ],
        [
            182,
            218,
            182
        ],
        [
            182,
            218,
            182
        ],
        [
            182,
            218,
            182
        ],
        [
            182,
            218,
            182
        ],
        [
            182,
            218,
            182
        ],
        [
            182,
            218,
            182
        ],
        [
            182,
            218,
            182
        ],
        [
            182,
            218,
            182
        ],
        [
            182,
            218,
            182
        ],
        [
            182,
            218,
            182
        ],
        [
            182,
            218,
            182
        ],
        [
            182,
            218,
            182
        ],
        [
            182,
            218,
            182
        ],
        [
            182,
            218,
            182
        ],
        [
            182,
            218,
            182
        ],
        [
            182,
            218,
            182
        ],
        [
            182,
            218,
            182
        ],
        [
            182,
            218,
            182
        ],
        [
            182,
            218,
            182
        ],
        [
            182,
            218,
            182
        ],
        [
            182,
            218,
            182
        ],
        [
            182,
            218,
            182
        ],
        [
            182,
            218,
            182
        ],
        [
            182,
            218,
            182
        ],
        [
            182,
            218,
            182
        ],
        [
            182,
            218,
            182
        ],
        [
            182,
            218,
            182
        ],
        [
            182,
            218,
            182
        ],
        [
            182,
            218,
            182
        ],
        [
            182,
            218,
            182
        ],
        [
            182,
            218,
            182
        ],
        [
            182,
            218,
            182
        ],
        [
            182,
            218,
            182
        ],
        [
            182,
            218,
            182
        ],
        [
            182,
            218,
            182
        ],
        [
            182,
            218,
            182
        ],
        [
            182,
            218,
            182
        ],
        [
            182,
            218,
            182
        ],
        [
            182,
            218,
            182
        ],
        [
            182,
            218,
            182
        ],
        [
            182,
            218,
            182
        ],
        [
            182,
            218,
            182
        ],
        [
            182,
            218,
            182
        ],
        [
            182,
            218,
            182
        ],
        [
            182,
            218,
            182
        ],
        [
            182,
            218,
            182
        ],
        [
            182,
            218,
            182
        ],
        [
            182,
            218,
            182
        ],
        [
            182,
            218,
            182
        ],
        [
            182,
            218,
            182
        ],
        [
            182,
            218,
            182
        ],
        [
            182,
            218,
            182
        ],
        [
            182,
            218,
            182
        ],
        [
            182,
            218,
            182
        ],
        [
            182,
            218,
            182
        ],
        [
            182,
            218,
            182
        ],
        [
            182,
            218,
            182
        ],
        [
            182,
            218,
            182
        ],
        [
            182,
            218,
            182
        ],
        [
            182,
            218,
            182
        ],
        [
            182,
            218,
            182
        ],
        [
            182,
            218,
            182
        ],
        [
            182,
            218,
            182
        ],
        [
            182,
            218,
            182
        ],
        [
            182,
            218,
            182
        ],
        [
            182,
            218,
            182
        ],
        [
            182,
            218,
