{
    "input_folder": {
        "foreground_mean": {
            "Dice": 0.5895948103469216,
            "FN": 1424.611111111111,
            "FP": 1123.5,
            "IoU": 0.47002392984751035,
            "TN": 7214062.111111111,
            "TP": 4421.777777777777,
            "n_pred": 5545.277777777778,
            "n_ref": 5846.388888888889
        },
        "mean": {
            "1": {
                "Dice": 0.719186592056462,
                "FN": 2749.8888888888887,
                "FP": 2232.962962962963,
                "IoU": 0.5746939257751943,
                "TN": 7207305.259259259,
                "TP": 8743.888888888889,
                "n_pred": 10976.851851851852,
                "n_ref": 11493.777777777777
            },
            "2": {
                "Dice": 0.46000302863738124,
                "FN": 99.33333333333333,
                "FP": 14.037037037037036,
                "IoU": 0.3653539339198264,
                "TN": 7220818.962962963,
                "TP": 99.66666666666667,
                "n_pred": 113.70370370370371,
                "n_ref": 199.0
            }
        }
    },
    "postprocessed": {
        "foreground_mean": {
            "Dice": 0.5895948103469216,
            "FN": 1424.611111111111,
            "FP": 1123.5,
            "IoU": 0.47002392984751035,
            "TN": 7214062.111111111,
            "TP": 4421.777777777777,
            "n_pred": 5545.277777777778,
            "n_ref": 5846.388888888889
        },
        "mean": {
            "1": {
                "Dice": 0.719186592056462,
                "FN": 2749.8888888888887,
                "FP": 2232.962962962963,
                "IoU": 0.5746939257751943,
                "TN": 7207305.259259259,
                "TP": 8743.888888888889,
                "n_pred": 10976.851851851852,
                "n_ref": 11493.777777777777
            },
            "2": {
                "Dice": 0.46000302863738124,
                "FN": 99.33333333333333,
                "FP": 14.037037037037036,
                "IoU": 0.3653539339198264,
                "TN": 7220818.962962963,
                "TP": 99.66666666666667,
                "n_pred": 113.70370370370371,
                "n_ref": 199.0
            }
        }
    },
    "postprocessing_fns": [],
    "postprocessing_kwargs": []
}