{
    "foreground_intensity_properties_per_channel": {
        "0": {
            "max": 113.43326568603516,
            "mean": 94.00792694091797,
            "median": 98.44974517822266,
            "min": 1.1101247072219849,
            "percentile_00_5": 54.620323181152344,
            "percentile_99_5": 105.81570434570312,
            "std": 9.919005393981934
        },
        "1": {
            "max": 115.15191650390625,
            "mean": 92.11885833740234,
            "median": 97.16632080078125,
            "min": 1.003699541091919,
            "percentile_00_5": 22.0380802154541,
            "percentile_99_5": 105.62383270263672,
            "std": 12.530838966369629
        }
    },
    "median_relative_size_after_cropping": 1.0,
    "shapes_after_crop": [
        [
            182,
            218,
            182
        ],
        [
            182,
            218,
            182
        ],
        [
            182,
            218,
            182
        ],
        [
            182,
            218,
            182
        ],
        [
            182,
            218,
            182
        ],
        [
            182,
            218,
            182
        ],
        [
            182,
            218,
            182
        ],
        [
            182,
            218,
            182
        ],
        [
            182,
            218,
            182
        ],
        [
            182,
            218,
            182
        ],
        [
            182,
            218,
            182
        ],
        [
            182,
            218,
            182
        ],
        [
            182,
            218,
            182
        ],
        [
            182,
            218,
            182
        ],
        [
            182,
            218,
            182
        ],
        [
            182,
            218,
            182
        ],
        [
            182,
            218,
            182
        ],
        [
            182,
            218,
            182
        ],
        [
            182,
            218,
            182
        ],
        [
            182,
            218,
            182
        ],
        [
            182,
            218,
            182
        ],
        [
            182,
            218,
            182
        ],
        [
            182,
            218,
            182
        ],
        [
            182,
            218,
            182
        ],
        [
            182,
            218,
            182
        ],
        [
            182,
            218,
            182
        ],
        [
            182,
            218,
            182
        ],
        [
            182,
            218,
            182
        ],
        [
            182,
            218,
            182
        ],
        [
            182,
            218,
            182
        ],
        [
            182,
            218,
            182
        ],
        [
            182,
            218,
            182
        ],
        [
            182,
            218,
            182
        ],
        [
            182,
            218,
            182
        ],
        [
            182,
            218,
            182
        ],
        [
            182,
            218,
            182
        ],
        [
            182,
            218,
            182
        ],
        [
            182,
            218,
            182
        ],
        [
            182,
            218,
            182
        ],
        [
            182,
            218,
            182
        ],
        [
            182,
            218,
            182
        ],
        [
            182,
            218,
            182
        ],
        [
            182,
            218,
            182
        ],
        [
            182,
            218,
            182
        ],
        [
            182,
            218,
            182
        ],
        [
            182,
            218,
            182
        ],
        [
            182,
            218,
            182
        ],
        [
            182,
            218,
            182
        ],
        [
            182,
            218,
            182
        ],
        [
            182,
            218,
            182
        ],
        [
            182,
            218,
            182
        ],
        [
            182,
            218,
            182
        ],
        [
            182,
            218,
            182
        ],
        [
            182,
            218,
            182
        ],
        [
            182,
            218,
            182
        ],
        [
            182,
            218,
            182
        ],
        [
            182,
            218,
            182
        ],
        [
            182,
            218,
            182
        ],
        [
            182,
            218,
            182
        ],
        [
            182,
            218,
            182
        ],
        [
            182,
            218,
            182
        ],
        [
            182,
            218,
            182
        ],
        [
            182,
            218,
            182
        ],
        [
            182,
            218,
            182
        ],
        [
            182,
            218,
            182
        ],
        [
            182,
            218,
            182
        ],
        [
            182,
            218,
            182
        ],
        [
            182,
            218,
            182
        ],
        [
            182,
            218,
            182
        ],
        [
            182,
            218,
            182
        ],
        [
            182,
            218,
            182
        ],
        [
            182,
            218,
            182
        ],
        [
            182,
            218,
            182
        ],
        [
            182,
            218,
            182
        ],
        [
            182,
            218,
            182
        ],
        [
            182,
            218,
            182
        ],
        [
            182,
            218,
            182
        ],
        [
            182,
            218,
            182
        ],
        [
            182,
            218,
            182
        ],
        [
            182,
            218,
            182
        ],
        [
            182,
            218,
            182
        ]
    ],