{
    "input_folder": {
        "foreground_mean": {
            "Dice": 0.5344056618603195,
            "FN": 1366.006172839506,
            "FP": 1320.1975308641977,
            "IoU": 0.4235510348675705,
            "TN": 7213865.413580246,
            "TP": 4480.382716049382,
            "n_pred": 5800.58024691358,
            "n_ref": 5846.388888888889
        },
        "mean": {
            "1": {
                "Dice": 0.7140121731167395,
                "FN": 2624.8518518518517,
                "FP": 2585.283950617284,
                "IoU": 0.5682795131772482,
                "TN": 7206952.9382716045,
                "TP": 8868.925925925925,
                "n_pred": 11454.20987654321,
                "n_ref": 11493.777777777777
            },
            "2": {
                "Dice": 0.3547991506038993,
                "FN": 107.1604938271605,
                "FP": 55.111111111111114,
                "IoU": 0.27882255655789273,
                "TN": 7220777.888888889,
                "TP": 91.8395061728395,
                "n_pred": 146.9506172839506,
                "n_ref": 199.0
            }
        }
    },
    "postprocessed": {
        "foreground_mean": {
            "Dice": 0.5344056618603195,
            "FN": 1366.006172839506,
            "FP": 1320.1975308641977,
            "IoU": 0.4235510348675705,
            "TN": 7213865.413580246,
            "TP": 4480.382716049382,
            "n_pred": 5800.58024691358,
            "n_ref": 5846.388888888889
        },
        "mean": {
            "1": {
                "Dice": 0.7140121731167395,
                "FN": 2624.8518518518517,
                "FP": 2585.283950617284,
                "IoU": 0.5682795131772482,
                "TN": 7206952.9382716045,
                "TP": 8868.925925925925,
                "n_pred": 11454.20987654321,
                "n_ref": 11493.777777777777
            },
            "2": {
                "Dice": 0.3547991506038993,
                "FN": 107.1604938271605,
                "FP": 55.111111111111114,
                "IoU": 0.27882255655789273,
                "TN": 7220777.888888889,
                "TP": 91.8395061728395,
                "n_pred": 146.9506172839506,
                "n_ref": 199.0
            }
        }
    },
    "postprocessing_fns": [],
    "postprocessing_kwargs": []
}