{
    "input_folder": {
        "foreground_mean": {
            "Dice": 0.3637451636673195,
            "FN": 1250.462962962963,
            "FP": 1415.8765432098764,
            "IoU": 0.2919361863024628,
            "TN": 7213769.734567901,
            "TP": 4595.925925925926,
            "n_pred": 6011.802469135802,
            "n_ref": 5846.388888888889
        },
        "mean": {
            "1": {
                "Dice": 0.727490327334639,
                "FN": 2301.925925925926,
                "FP": 2831.753086419753,
                "IoU": 0.5838723726049256,
                "TN": 7206706.469135802,
                "TP": 9191.851851851852,
                "n_pred": 12023.604938271605,
                "n_ref": 11493.777777777777
            },
            "2": {
                "Dice": 0.0,
                "FN": 199.0,
                "FP": 0.0,
                "IoU": 0.0,
                "TN": 7220833.0,
                "TP": 0.0,
                "n_pred": 0.0,
                "n_ref": 199.0
            }
        }
    },
    "postprocessed": {
        "foreground_mean": {
            "Dice": 0.3637451636673195,
            "FN": 1250.462962962963,
            "FP": 1415.8765432098764,
            "IoU": 0.2919361863024628,
            "TN": 7213769.734567901,
            "TP": 4595.925925925926,
            "n_pred": 6011.802469135802,
            "n_ref": 5846.388888888889
        },
        "mean": {
            "1": {
                "Dice": 0.727490327334639,
                "FN": 2301.925925925926,
                "FP": 2831.753086419753,
                "IoU": 0.5838723726049256,
                "TN": 7206706.469135802,
                "TP": 9191.851851851852,
                "n_pred": 12023.604938271605,
                "n_ref": 11493.777777777777
            },
            "2": {
                "Dice": 0.0,
                "FN": 199.0,
                "FP": 0.0,
                "IoU": 0.0,
                "TN": 7220833.0,
                "TP": 0.0,
                "n_pred": 0.0,
                "n_ref": 199.0
            }
        }
    },
    "postprocessing_fns": [],
    "postprocessing_kwargs": []
}